Inicio; fin
A;A
A;A
A;A
A;A
A;A
A;A
A;A
A;A
A;A
A;A
A;A
A;A
A;A
A;A
A;A
A;A
A;A
A;A
A;A
A;A
A;A
A;A
A;A
A;A
A;A
A;A
A;A
A;A
A;A
A;A
A;A
A;A
A;A
A;A
A;A
A;A
A;A
A;A
A;A
A;A
A;A
A;A
A;A
A;A
A;A
A;A
A;A
A;A
A;A
A;A
A;A
A;A
A;A
A;A
A;A
A;A
A;A
A;A
A;A
A;A
A;A
A;A
A;A
A;A
A;A
A;A
A;A
A;A
A;A
A;A
A;A
A;A
A;A
A;A
A;A
A;A
A;A
A;A
A;A
A;A
A;A
A;A
A;A
A;A
A;A
A;A
A;A
A;A
A;A
A;A
A;A
A;A
A;A
A;A
A;A
A;A
A;A
A;A
A;A
A;A
A;A
A;A
A;A
A;A
A;A
A;A
A;A
A;A
A;A
A;A
A;A
A;A
A;A
A;A
A;A
A;A
A;A
A;A
A;A
A;A
A;A
A;A
A;A
A;A
A;A
A;A
A;A
A;A
A;A
A;A
A;A
A;A
A;A
A;A
A;A
A;A
A;A
A;A
A;A
A;A
A;A
A;A
A;A
A;A
A;A
A;A
A;A
A;A
A;A
A;A
A;A
A;A
A;A
A;A
A;A
A;A
A;A
A;A
A;A
A;A
A;A
A;A
A;A
A;A
A;A
A;A
A;A
A;A
A;A
A;A
A;A
A;A
A;A
A;A
A;A
A;A
A;A
A;A
A;A
A;A
A;A
A;A
A;A
A;A
A;A
A;A
A;A
A;A
A;A
A;A
A;A
A;A
A;A
A;A
A;A
A;A
A;A
A;A
A;A
A;A
A;A
A;A
A;A
A;A
A;A
A;A
A;A
A;A
A;A
A;A
A;A
A;A
A;A
A;A
A;A
A;A
A;A
A;A
A;A
A;A
A;A
A;A
A;A
A;A
A;A
A;A
A;A
A;A
A;A
A;A
A;A
A;A
A;A
A;A
A;A
A;A
A;A
A;A
A;A
A;A
A;A
A;A
A;A
A;A
A;A
A;A
A;A
A;A
A;A
A;A
A;A
A;A
A;A
A;A
A;A
A;A
A;A
A;A
A;A
A;A
A;A
A;A
A;A
A;A
A;A
A;A
A;A
A;A
A;A
A;A
A;A
A;A
A;A
A;A
A;A
A;A
A;A
A;A
A;A
A;A
A;A
A;A
A;A
A;A
A;A
A;A
A;A
A;A
A;A
A;A
A;A
A;A
A;A
A;A
A;A
A;A
A;A
A;A
A;A
A;A
A;A
A;A
A;A
A;A
A;A
A;A
A;A
A;A
A;A
A;A
A;A
A;A
A;A
A;A
A;A
A;A
A;A
A;A
A;A
A;A
A;A
A;A
A;A
A;A
A;A
A;A
A;A
A;A
A;A
A;A
A;A
A;A
A;A
A;A
A;A
A;A
A;A
A;A
A;A
A;A
A;A
A;A
A;A
A;A
A;A
A;A
A;A
A;A
A;A
A;A
A;A
A;A
A;A
A;A
A;A
A;A
A;A
A;A
A;A
A;A
A;A
A;A
A;A
A;A
A;A
A;A
A;A
A;A
A;A
A;A
A;A
A;A
A;A
A;A
A;A
A;A
A;A
A;A
A;A
A;A
A;A
A;A
A;A
A;A
A;A
A;A
A;A
A;A
A;A
A;A
A;A
A;A
A;A
A;A
A;A
A;A
A;A
A;A
A;A
A;A
A;A
A;A
A;A
A;A
A;A
A;A
A;A
A;A
A;A
A;A
A;A
A;A
A;A
A;A
A;A
A;A
A;A
A;A
A;A
A;A
A;A
A;A
A;A
A;A
A;A
A;A
A;A
A;A
A;A
A;A
A;A
A;A
A;A
A;A
A;A
A;A
A;A
A;A
A;A
A;A
A;A
A;A
A;A
A;A
A;A
A;A
A;A
A;A
A;A
A;A
A;A
A;A
A;A
A;A
A;A
A;A
A;A
A;A
A;A
A;A
A;A
A;A
A;A
A;A
A;A
A;A
A;A
A;A
A;A
A;A
A;A
A;A
A;A
A;A
A;A
A;A
A;A
A;A
A;A
A;A
A;A
A;A
A;A
A;A
A;A
A;A
A;A
A;A
A;A
A;A
A;A
A;A
A;A
A;A
A;A
A;A
A;A
A;A
A;A
A;A
A;A
A;A
A;A
A;A
A;A
A;A
A;A
A;A
A;A
A;A
A;A
A;A
A;A
A;A
A;A
A;A
A;A
A;A
A;A
A;A
A;A
A;A
A;A
A;A
A;A
A;A
A;A
A;A
A;A
A;A
A;A
A;A
A;A
A;A
A;A
A;A
A;A
A;A
A;A
A;A
A;A
A;A
A;A
A;A
A;A
A;A
A;A
A;A
A;A
A;A
A;A
A;A
A;A
A;A
A;A
A;A
A;A
A;A
A;A
A;A
A;A
A;A
A;A
A;A
A;A
A;A
A;A
A;A
A;A
A;A
A;A
A;A
A;A
A;A
A;A
A;A
A;A
A;A
A;A
A;A
A;A
A;A
A;A
A;A
A;A
A;A
A;A
A;A
A;A
A;A
A;A
A;A
A;A
A;A
A;A
A;A
A;A
A;A
A;A
A;A
A;A
A;A
A;A
A;A
A;A
A;A
A;A
A;A
A;A
A;A
A;A
A;A
A;A
A;A
A;A
A;A
A;A
A;A
A;A
A;A
A;A
A;A
A;A
A;A
A;A
A;A
A;A
A;A
A;A
A;A
A;A
A;A
A;A
A;A
A;A
A;A
A;A
A;A
A;A
A;A
A;A
A;A
A;A
A;A
A;A
A;A
A;A
A;A
A;A
A;A
A;A
A;A
A;A
A;A
A;A
A;A
A;A
A;A
A;A
A;A
A;A
A;A
A;A
A;A
A;A
A;A
A;A
A;A
A;A
A;A
A;A
A;A
A;A
A;A
A;A
A;A
A;A
A;A
A;A
A;A
A;A
A;A
A;A
A;A
A;A
A;A
A;A
A;A
A;A
A;A
A;A
A;A
A;A
A;A
A;A
A;A
A;A
A;A
A;A
A;A
A;A
A;A
A;A
A;A
A;A
A;A
A;A
A;A
A;A
A;A
A;A
A;A
A;A
A;A
A;A
A;A
A;A
A;A
A;A
A;A
A;A
A;A
A;A
A;A
A;A
A;A
A;A
A;A
A;A
A;A
A;A
A;A
A;A
A;A
A;A
A;A
A;A
A;A
A;A
A;A
A;A
A;A
A;A
A;A
A;A
A;A
A;A
A;A
A;A
A;A
A;A
A;A
A;A
A;A
A;A
A;A
A;A
A;A
A;A
A;A
A;A
A;A
A;A
A;A
A;A
A;A
A;A
A;A
A;A
A;A
A;A
A;A
A;A
A;A
A;A
A;A
A;A
A;A
A;A
A;A
A;A
A;A
A;A
A;A
A;A
A;A
A;A
A;A
A;A
A;A
A;A
A;A
A;A
A;A
A;A
A;A
A;A
A;A
A;A
A;A
A;A
A;A
A;A
A;A
A;A
A;A
A;A
A;A
A;A
A;A
A;A
A;A
A;A
A;A
A;A
A;A
A;A
A;A
A;A
A;A
A;A
A;A
A;A
A;A
A;A
A;A
A;A
A;A
A;A
A;A
A;A
A;A
A;A
A;A
A;A
A;A
A;A
A;A
A;A
A;A
A;A
A;A
A;A
A;A
A;A
A;A
A;A
A;A
A;A
A;A
A;A
A;A
A;A
A;A
A;A
A;A
A;A
A;A
A;A
A;A
A;A
A;A
A;A
A;A
A;A
A;A
A;A
A;A
A;A
A;A
A;A
A;A
A;A
A;A
A;A
A;A
A;A
A;A
A;A
A;A
A;A
A;A
A;A
A;A
A;A
A;A
A;A
A;A
A;A
A;A
A;A
A;A
A;A
A;A
A;A
A;A
A;A
A;A
A;A
A;A
A;A
A;A
A;A
A;A
A;A
A;A
A;A
A;A
A;A
A;A
A;A
A;A
A;A
A;A
A;A
A;A
A;A
A;A
A;A
A;A
A;A
A;A
A;A
A;A
A;A
A;A
A;A
A;A
A;A
A;A
A;A
A;A
A;A
A;A
A;A
A;A
A;A
A;A
A;A
A;A
A;A
A;A
A;A
A;A
A;A
A;A
A;A
A;A
A;A
A;A
A;A
A;A
A;A
A;A
A;A
A;A
A;A
A;A
A;A
A;A
A;A
A;A
A;A
A;A
A;A
A;A
A;A
A;A
A;A
A;A
A;A
A;A
A;A
A;A
A;A
A;A
A;A
A;A
A;A
A;A
A;A
A;A
A;A
A;A
A;A
A;A
A;A
A;A
A;B
A;B
A;B
A;B
A;B
A;B
A;B
A;B
A;B
A;B
A;B
A;B
A;B
A;B
A;B
A;B
A;C
A;C
A;C
A;C
A;C
A;C
A;C
A;C
A;C
A;C
A;D
A;D
A;D
A;D
A;D
A;E
A;E
B;A
B;A
B;A
B;A
B;A
B;A
B;A
B;A
B;A
B;A
B;A
B;A
B;A
B;A
B;A
B;A
B;A
B;A
B;A
B;A
B;A
B;A
B;A
B;A
B;A
B;A
B;A
B;A
B;A
B;A
B;A
B;A
B;A
B;A
B;A
B;A
B;A
B;A
B;A
B;A
B;A
B;A
B;A
B;A
B;A
B;A
B;A
B;A
B;A
B;A
B;A
B;A
B;A
B;A
B;A
B;A
B;A
B;A
B;A
B;A
B;A
B;A
B;A
B;A
B;A
B;A
B;A
B;A
B;A
B;A
B;A
B;A
B;A
B;A
B;A
B;A
B;A
B;A
B;A
B;A
B;A
B;A
B;A
B;A
B;A
B;A
B;A
B;A
B;A
B;A
B;A
B;A
B;A
B;A
B;A
B;A
B;A
B;A
B;A
B;A
B;A
B;A
B;A
B;A
B;A
B;A
B;A
B;A
B;A
B;A
B;A
B;A
B;A
B;A
B;A
B;A
B;A
B;A
B;A
B;A
B;A
B;A
B;A
B;A
B;A
B;A
B;A
B;A
B;A
B;A
B;A
B;A
B;A
B;A
B;A
B;A
B;A
B;A
B;A
B;A
B;A
B;A
B;A
B;A
B;A
B;A
B;A
B;A
B;A
B;A
B;A
B;A
B;A
B;A
B;A
B;A
B;A
B;A
B;A
B;A
B;A
B;A
B;A
B;A
B;A
B;A
B;A
B;A
B;A
B;A
B;A
B;A
B;A
B;A
B;A
B;A
B;A
B;A
B;A
B;A
B;A
B;A
B;A
B;A
B;A
B;A
B;A
B;A
B;A
B;A
B;A
B;A
B;A
B;A
B;A
B;A
B;A
B;A
B;A
B;A
B;A
B;A
B;A
B;A
B;A
B;A
B;A
B;A
B;A
B;A
B;A
B;A
B;A
B;A
B;A
B;A
B;A
B;A
B;A
B;A
B;A
B;A
B;A
B;A
B;A
B;A
B;A
B;A
B;A
B;A
B;A
B;A
B;A
B;A
B;A
B;A
B;A
B;A
B;A
B;A
B;A
B;A
B;A
B;A
B;A
B;A
B;A
B;A
B;A
B;A
B;A
B;A
B;A
B;A
B;A
B;A
B;A
B;A
B;A
B;A
B;A
B;A
B;A
B;A
B;A
B;A
B;A
B;A
B;A
B;A
B;A
B;A
B;A
B;A
B;A
B;A
B;A
B;A
B;A
B;A
B;A
B;A
B;A
B;A
B;A
B;A
B;A
B;A
B;A
B;A
B;A
B;A
B;A
B;A
B;A
B;A
B;A
B;A
B;A
B;A
B;A
B;B
B;B
B;B
B;B
B;B
B;B
B;B
B;B
B;B
B;B
B;B
B;B
B;B
B;B
B;B
B;B
B;B
B;B
B;B
B;B
B;B
B;B
B;B
B;B
B;B
B;B
B;B
B;B
B;B
B;B
B;B
B;B
B;B
B;B
B;B
B;B
B;B
B;B
B;B
B;B
B;B
B;B
B;B
B;B
B;B
B;B
B;B
B;B
B;B
B;B
B;B
B;B
B;B
B;B
B;B
B;B
B;B
B;B
B;B
B;B
B;B
B;B
B;B
B;B
B;B
B;B
B;B
B;B
B;B
B;B
B;B
B;B
B;B
B;B
B;B
B;B
B;B
B;B
B;B
B;B
B;B
B;B
B;B
B;B
B;B
B;B
B;B
B;B
B;B
B;B
B;B
B;B
B;B
B;B
B;B
B;B
B;B
B;B
B;B
B;B
B;B
B;B
B;B
B;B
B;B
B;B
B;B
B;B
B;B
B;B
B;B
B;B
B;B
B;B
B;B
B;B
B;B
B;B
B;B
B;B
B;B
B;B
B;B
B;B
B;B
B;B
B;B
B;B
B;B
B;B
B;B
B;B
B;B
B;B
B;B
B;B
B;B
B;B
B;B
B;B
B;B
B;B
B;B
B;B
B;B
B;B
B;B
B;B
B;B
B;B
B;B
B;B
B;B
B;B
B;B
B;B
B;B
B;B
B;B
B;B
B;B
B;B
B;B
B;B
B;B
B;B
B;B
B;B
B;B
B;B
B;B
B;B
B;B
B;B
B;B
B;B
B;B
B;B
B;B
B;B
B;B
B;B
B;B
B;B
B;B
B;B
B;B
B;B
B;B
B;B
B;B
B;B
B;B
B;B
B;B
B;B
B;B
B;B
B;B
B;B
B;B
B;B
B;B
B;B
B;B
B;B
B;B
B;B
B;B
B;B
B;B
B;B
B;B
B;B
B;B
B;B
B;B
B;B
B;B
B;B
B;B
B;B
B;B
B;B
B;B
B;B
B;B
B;B
B;B
B;B
B;B
B;B
B;B
B;B
B;B
B;B
B;B
B;B
B;B
B;B
B;B
B;B
B;B
B;B
B;B
B;B
B;B
B;B
B;B
B;B
B;C
B;C
B;C
B;C
B;C
B;C
B;C
B;C
B;C
B;C
B;C
B;C
B;C
B;C
B;C
B;C
B;C
B;C
B;C
B;C
B;C
B;C
B;C
B;C
B;C
B;C
B;C
B;C
B;C
B;C
B;C
B;C
B;C
B;C
B;C
B;C
B;C
B;C
B;C
B;C
B;C
B;C
B;C
B;C
B;C
B;C
B;C
B;C
B;C
B;C
B;C
B;C
B;C
B;C
B;C
B;C
B;C
B;C
B;C
B;C
B;C
B;C
B;C
B;C
B;C
B;C
B;C
B;C
B;C
B;C
B;C
B;C
B;C
B;C
B;C
B;C
B;C
B;C
B;C
B;C
B;C
B;C
B;C
B;C
B;C
B;C
B;C
B;C
B;C
B;C
B;C
B;C
B;C
B;C
B;C
B;C
B;C
B;C
B;C
B;C
B;C
B;C
B;C
B;C
B;C
B;C
B;C
B;C
B;C
B;C
B;C
B;C
B;C
B;C
B;C
B;C
B;C
B;C
B;C
B;C
B;C
B;C
B;C
B;C
B;C
B;C
B;C
B;C
B;C
B;C
B;C
B;C
B;C
B;C
B;C
B;C
B;C
B;C
B;C
B;C
B;C
B;C
B;C
B;C
B;C
B;C
B;C
B;C
B;C
B;C
B;C
B;C
B;C
B;C
B;C
B;C
B;C
B;C
B;C
B;C
B;C
B;C
B;C
B;C
B;C
B;C
B;C
B;C
B;C
B;C
B;C
B;C
B;C
B;C
B;C
B;C
B;C
B;C
B;C
B;C
B;C
B;C
B;C
B;C
B;C
B;C
B;C
B;C
B;C
B;C
B;C
B;C
B;C
B;C
B;C
B;C
B;C
B;C
B;C
B;C
B;C
B;C
B;C
B;C
B;C
B;C
B;C
B;C
B;C
B;C
B;C
B;C
B;C
B;C
B;C
B;C
B;C
B;C
B;C
B;C
B;C
B;C
B;C
B;C
B;C
B;C
B;C
B;C
B;C
B;C
B;C
B;C
B;C
B;C
B;C
B;C
B;C
B;C
B;C
B;C
B;C
B;C
B;C
B;C
B;C
B;C
B;C
B;C
B;C
B;C
B;C
B;C
B;C
B;C
B;C
B;C
B;C
B;C
B;C
B;C
B;C
B;C
B;C
B;C
B;C
B;C
B;C
B;C
B;C
B;C
B;C
B;C
B;C
B;C
B;C
B;C
B;C
B;C
B;C
B;C
B;D
B;D
B;D
B;D
B;D
B;D
B;D
B;D
B;D
B;D
B;D
B;D
B;D
B;D
B;D
B;D
B;D
B;D
B;D
B;D
B;D
B;D
B;D
B;D
B;D
B;D
B;D
B;D
B;D
B;D
B;D
B;D
B;D
B;D
B;D
B;D
B;D
B;D
B;D
B;D
B;D
B;D
B;D
B;D
B;D
B;D
B;D
B;D
B;D
B;D
B;D
B;D
B;D
B;D
B;D
B;D
B;D
B;D
B;D
B;D
B;D
B;D
B;D
B;D
B;D
B;D
B;D
B;D
B;D
B;D
B;D
B;D
B;D
B;D
B;D
B;D
B;D
B;D
B;D
B;D
B;D
B;D
B;D
B;D
B;D
B;D
B;D
B;D
B;D
B;D
B;D
B;D
B;D
B;D
B;D
B;D
B;D
B;D
B;D
B;D
B;D
B;D
B;D
B;D
B;D
B;D
B;D
B;D
B;D
B;D
B;D
B;D
B;D
B;D
B;D
B;D
B;D
B;D
B;D
B;D
B;E
B;E
B;E
B;E
B;E
B;E
B;E
B;E
B;E
B;E
B;E
B;E
B;E
B;E
B;E
B;E
B;E
B;E
B;E
B;E
B;E
B;E
B;E
B;E
B;E
B;E
B;E
B;E
B;E
B;E
B;E
B;E
B;E
B;E
B;E
B;E
B;E
B;E
B;E
B;E
B;E
B;E
B;E
B;E
B;E
B;E
B;E
B;E
B;E
B;E
C;A
C;A
C;A
C;A
C;A
C;A
C;A
C;A
C;A
C;A
C;A
C;A
C;A
C;A
C;A
C;A
C;A
C;B
C;B
C;B
C;B
C;B
C;B
C;B
C;B
C;C
C;C
C;C
C;C
C;C
C;C
C;C
C;C
C;C
C;C
C;C
C;C
C;C
C;C
C;D
C;D
C;D
C;D
C;D
C;D
C;D
C;D
C;D
C;D
C;D
C;E
C;E
C;E
C;E
C;E
C;E
C;E
C;E
C;E
C;E
C;E
C;E
C;E
C;E
C;E
C;E
C;E
C;E
C;E
C;E
C;E
C;E
C;E
C;E
C;E
C;E
C;E
C;E
C;E
C;E
C;E
C;E
C;E
C;E
C;E
C;E
C;E
C;E
C;E
C;E
C;E
C;E
C;E
C;E
C;E
C;E
C;E
C;E
C;E
C;E
C;E
D;A
D;A
D;A
D;A
D;A
D;A
D;A
D;A
D;B
D;B
D;B
D;C
D;C
D;C
D;D
D;D
D;D
D;D
D;D
D;D
D;D
D;D
D;D
D;D
D;D
D;D
D;D
D;D
D;D
D;E
D;E
D;E
D;E
D;E
D;E
D;E
D;E
D;E
D;E
D;E
D;E
D;E
D;E
D;E
D;E
D;E
D;E
D;E
D;E
D;E
D;E
D;E
D;E
D;E
D;E
D;E
D;E
D;E
D;E
D;E
D;E
D;E
D;E
D;E
D;E
D;E
D;E
D;E
D;E
D;E
D;E
D;E
D;E
D;E
D;E
D;E
D;E
D;E
D;E
D;E
D;E
D;E
D;E
D;E
D;E
D;E
D;E
D;E
D;E
D;E
D;E
D;E
D;E
D;E
D;E
D;E
D;E
D;E
D;E
D;E
D;E
E;A
E;A
E;A
E;B
E;B
E;C
E;D
E;E
E;E
E;E
E;E
E;E
E;E
E;E
E;E
E;E
E;E
E;E
E;E
E;E
E;E
E;E
E;E
E;E
E;E
E;E
E;E
E;E
E;E
E;E
E;E
E;E
E;E
E;E
E;E
E;E
E;E
E;E
E;E
E;E
E;E
E;E
E;E
E;E
E;E
E;E
E;E
E;E
E;E
E;E
E;E
E;E
E;E
E;E
E;E
E;E
E;E
E;E
E;E
E;E
E;E
E;E
E;E
E;E
E;E
E;E
E;E
E;E
E;E
E;E
E;E
E;E
E;E
E;E
E;E
E;E
E;E
E;E
E;E
E;E
E;E
E;E
E;E
E;E
E;E
E;E
E;E
E;E
E;E
E;E
E;E
E;E
E;E
E;E
E;E
E;E
E;E
E;E
E;E
E;E
E;E